Password,Firstname,Lastname,Email,Birthdate,Password_Length,Password_Uppercase_Count,Password_Lowercase_Count,Password_Special_Character_Count,Password_Integer_Count,Password_Account_Information_Relation,Password_Is_Common,Password_Strength
password,Gary,Robertson,robert25@hendrix-pace.com,2005-01-18,8,0,8,0,0,0,1,0
SsS46};Sg/`J,Gary,Robertson,robert25@hendrix-pace.com,2005-01-18,12,4,2,4,2,0,0,1
Johnson123,Glenn,Johnson,stephenpearson@gmail.com,1990-02-10,10,1,6,0,3,1,0,0
"hh~`""]RdHi,s5bz",Glenn,Johnson,stephenpearson@gmail.com,1990-02-10,15,2,7,5,1,0,0,1
timothy2-28,Timothy,Ortega,carolyn02@gmail.com,1973-12-28,11,0,7,1,3,1,0,0
"597`djk<8Pv,tR.",Timothy,Ortega,carolyn02@gmail.com,1973-12-28,15,2,5,4,4,0,0,1
danny7-04,Danny,Morse,melissawilliams@williams.com,1981-07-04,9,0,5,1,3,1,0,0
`Z~~J1V?l&2c>0(,Danny,Morse,melissawilliams@williams.com,1981-07-04,15,3,2,7,3,0,0,1
Washington123,John,Washington,michaelday@gmail.com,1969-11-09,13,1,9,0,3,1,0,0
"y^m/Lm2~^,Ph",John,Washington,michaelday@gmail.com,1969-11-09,12,2,4,5,1,0,0,1
password,Deanna,Adams,samantha85@joseph-quinn.com,1990-12-24,8,0,8,0,0,0,1,0
KJj6/+jtHx_-Sr/D,Deanna,Adams,samantha85@joseph-quinn.com,1990-12-24,16,5,5,5,1,0,0,1
butler8-18,Samuel,Butler,campbelljames@yahoo.com,1991-08-18,10,0,6,1,3,1,0,0
eFTJrq6[m]])`de,Samuel,Butler,campbelljames@yahoo.com,1991-08-18,15,3,6,5,1,0,0,1
Blackwell123,Bailey,Blackwell,linda40@cooper-fletcher.org,1979-03-07,12,1,8,0,3,1,0,0
;c1uCX4!3U|vjShV,Bailey,Blackwell,linda40@cooper-fletcher.org,1979-03-07,16,5,5,3,3,0,0,1
Solomon123,Sara,Solomon,lisacabrera@mccullough-bass.org,1965-10-02,10,1,6,0,3,1,0,0
"84xOq^)Q%yj>""R~",Sara,Solomon,lisacabrera@mccullough-bass.org,1965-10-02,15,3,4,6,2,0,0,1
Carter123,Clinton,Carter,pedro67@gmail.com,1975-11-01,9,1,5,0,3,1,0,0
3V.$lS^8DqVU',Clinton,Carter,pedro67@gmail.com,1975-11-01,13,5,2,4,2,0,0,1
simmons5-08,Trevor,Simmons,victor03@hotmail.com,1968-05-08,11,0,7,1,3,1,0,0
'd`8BVhP}h1L,Trevor,Simmons,victor03@hotmail.com,1968-05-08,12,4,3,3,2,0,0,1
jasmin2-05,Jasmin,Mcintyre,jtaylor@gmail.com,2003-12-05,10,0,6,1,3,1,0,0
J)R2\Zz^8kYbP4!+,Jasmin,Mcintyre,jtaylor@gmail.com,2003-12-05,16,5,3,5,3,0,0,1
Carmen123,Carmen,Zhang,zbray@mccarthy.com,1965-04-09,9,1,5,0,3,1,0,0
!6hnK+SjDxHC3H0g,Carmen,Zhang,zbray@mccarthy.com,1965-04-09,16,6,5,2,3,0,0,1
Lopez123,Beverly,Lopez,alexis91@alvarez.org,1998-11-17,8,1,4,0,3,1,0,0
k))mJ:blnN3=lN,Beverly,Lopez,alexis91@alvarez.org,1998-11-17,14,3,6,4,1,0,0,1
miller5-23,Joshua,Miller,michael86@gmail.com,1970-05-23,10,0,6,1,3,1,0,0
8o/iA6oD4vNMi*@I,Joshua,Miller,michael86@gmail.com,1970-05-23,16,5,5,3,3,0,0,1
Michelle123,Michelle,Ward,nathan09@yahoo.com,1985-05-11,11,1,7,0,3,1,0,0
"w3GW(q""cQk~8i`",Michelle,Ward,nathan09@yahoo.com,1985-05-11,14,3,5,4,2,0,0,1
19770830,Deborah,White,mcdanielluis@peterson-meyers.com,1977-08-30,8,0,0,0,8,1,0,0
6&ZH3P:9G5Jz3ab,Deborah,White,mcdanielluis@peterson-meyers.com,1977-08-30,15,5,3,2,5,0,0,1
priscilla0-22,Priscilla,Woods,foxlori@robinson-powell.info,1976-10-22,13,0,9,1,3,1,0,0
l4g(S2?qMefM,Priscilla,Woods,foxlori@robinson-powell.info,1976-10-22,12,3,5,2,2,0,0,1
brock9-19,April,Brock,andrewharris@gmail.com,1993-09-19,9,0,5,1,3,1,0,0
"f!\b'mDOVdSd,9]",April,Brock,andrewharris@gmail.com,1993-09-19,15,4,5,5,1,0,0,1
nicole,Nicole,Fisher,mariamarshall@gmail.com,2002-06-25,6,0,6,0,0,1,0,0
|-?:6pbslUV5,Nicole,Fisher,mariamarshall@gmail.com,2002-06-25,12,2,4,4,2,0,0,1
christopher94,Wayne,Wilson,christopher94@arias.net,1970-11-18,13,0,11,0,2,1,0,0
9~'H=Dg3l00`O=,Wayne,Wilson,christopher94@arias.net,1970-11-18,14,3,2,5,4,0,0,1
walsh1-29,Joe,Walsh,hesstamara@yahoo.com,1978-01-29,9,0,5,1,3,1,0,0
09|s=zzq;I(.M,Joe,Walsh,hesstamara@yahoo.com,1978-01-29,13,2,4,5,2,0,0,1
Charles123,Charles,Flores,martinjames@yahoo.com,1966-01-02,10,1,6,0,3,1,0,0
JN2N!;uDGyCr,Charles,Flores,martinjames@yahoo.com,1966-01-02,12,6,3,2,1,0,0,1
19760708,Adam,Jenkins,marcus81@hotmail.com,1976-07-08,8,0,0,0,8,1,0,0
S=geOw.(e\N}$zj9,Adam,Jenkins,marcus81@hotmail.com,1976-07-08,16,3,6,6,1,0,0,1
19930515,Sarah,Sanders,martinezrussell@hotmail.com,1993-05-15,8,0,0,0,8,1,0,0
YvM5LRmTC'OA,Sarah,Sanders,martinezrussell@hotmail.com,1993-05-15,12,8,2,1,1,0,0,1
kevin2-21,Kevin,Wise,maryjones@underwood-valentine.org,2003-12-21,9,0,5,1,3,1,0,0
Z\ddu8/l3lCR,Kevin,Wise,maryjones@underwood-valentine.org,2003-12-21,12,3,5,2,2,0,0,1
pitts2-02,Kelly,Pitts,nandrews@gmail.com,1989-12-02,9,0,5,1,3,1,0,0
~2}-xvJd-VARgg,Kelly,Pitts,nandrews@gmail.com,1989-12-02,14,4,5,4,1,0,0,1
murphy2-23,Nicole,Murphy,acook@martin-munoz.info,2006-02-23,10,0,6,1,3,1,0,0
.U8G\7RNwMZ.GM,Nicole,Murphy,acook@martin-munoz.info,2006-02-23,14,8,1,3,2,0,0,1
qwerty,Sharon,Conway,zacharyhorton@smith.net,1968-03-04,6,0,6,0,0,0,1,0
pB_):.hFG0;zQyF%,Sharon,Conway,zacharyhorton@smith.net,1968-03-04,16,5,4,6,1,0,0,1
rodriguez8-04,Amy,Rodriguez,zhall@wright.com,1972-08-04,13,0,9,1,3,1,0,0
|9f.orxL*UCLrP,Amy,Rodriguez,zhall@wright.com,1972-08-04,14,5,5,3,1,0,0,1
Arias123,Edward,Arias,gpage@hotmail.com,1970-03-11,8,1,4,0,3,1,0,0
"y;""j6Xkk*zWe",Edward,Arias,gpage@hotmail.com,1970-03-11,12,2,6,3,1,0,0,1
football,Valerie,Cain,ryan79@gmail.com,1971-06-06,8,0,8,0,0,0,1,0
"B%g5E${1%MC""EwE",Valerie,Cain,ryan79@gmail.com,1971-06-06,15,6,2,5,2,0,0,1
matthew1-16,Matthew,Wall,jeremywalker@king.info,1982-01-16,11,0,7,1,3,1,0,0
Ic&.%/9V*!j\,Matthew,Wall,jeremywalker@king.info,1982-01-16,12,2,2,7,1,0,0,1
Jonathan123,Jonathan,Randolph,nmills@gmail.com,1990-02-16,11,1,7,0,3,1,0,0
B;NSDb$#<>8p2,Jonathan,Randolph,nmills@gmail.com,1990-02-16,13,4,2,5,2,0,0,1
spencer,Jose,Spencer,christina57@harper-clark.biz,1981-08-15,7,0,7,0,0,1,0,0
UcHB9>$6Fl8zOZ,Jose,Spencer,christina57@harper-clark.biz,1981-08-15,14,6,3,2,3,0,0,1
matthews2-11,Derek,Matthews,barnettheather@hotmail.com,1985-12-11,12,0,8,1,3,1,0,0
"'LjTdO<1Lb""3z0?",Derek,Matthews,barnettheather@hotmail.com,1985-12-11,15,4,4,4,3,0,0,1
stevenortiz,Elizabeth,Maldonado,stevenortiz@davis.org,1982-08-28,11,0,11,0,0,1,0,0
4e@re&=U{]`t1,Elizabeth,Maldonado,stevenortiz@davis.org,1982-08-28,13,1,4,6,2,0,0,1
jeffrey,Jeffrey,Bryant,johnsonjames@gmail.com,1995-10-21,7,0,7,0,0,1,0,0
"5%%=dw{Y6-6,wG",Jeffrey,Bryant,johnsonjames@gmail.com,1995-10-21,14,2,3,6,3,0,0,1
lin5-04,Brian,Lin,ronald44@schwartz-strong.com,2003-05-04,7,0,3,1,3,1,0,0
"H[zKe""a\M6][~+",Brian,Lin,ronald44@schwartz-strong.com,2003-05-04,14,3,3,7,1,0,0,1
alyssa4-02,Alyssa,Salazar,fergusonamanda@holland.net,2005-04-02,10,0,6,1,3,1,0,0
GiMfS*UeANj1$r1B,Alyssa,Salazar,fergusonamanda@holland.net,2005-04-02,16,7,5,2,2,0,0,1
brandy,Brandy,Reyes,warroyo@hotmail.com,1988-03-12,6,0,6,0,0,1,0,0
"],p5j{(=9%0F",Brandy,Reyes,warroyo@hotmail.com,1988-03-12,12,1,2,6,3,0,0,1
Susan123,Susan,Aguilar,peggysutton@foster-robinson.info,1983-04-26,8,1,4,0,3,1,0,0
K\_ODJ?9>{Piek,Susan,Aguilar,peggysutton@foster-robinson.info,1983-04-26,14,5,3,5,1,0,0,1
bgreen,Garrett,Hayes,bgreen@zamora.com,1984-04-18,6,0,6,0,0,1,0,0
/4?#yZ!C]A!w6\F,Garrett,Hayes,bgreen@zamora.com,1984-04-18,15,4,2,7,2,0,0,1
Brewer123,Heather,Brewer,cbaker@lopez.com,1988-10-09,9,1,5,0,3,1,0,0
r%soG*aCpSQO9],Heather,Brewer,cbaker@lopez.com,1988-10-09,14,5,5,3,1,0,0,1
Timothy123,Timothy,Vaughan,watkinskimberly@hampton-browning.com,1973-06-01,10,1,6,0,3,1,0,0
8^=/!|_w%NoNL'S*,Timothy,Vaughan,watkinskimberly@hampton-browning.com,1973-06-01,16,4,2,9,1,0,0,1
adamsjason,Richard,Osborne,adamsjason@padilla-snyder.org,2000-06-01,10,0,10,0,0,1,0,0
A4&Zy\Y-%'e|E!,Richard,Osborne,adamsjason@padilla-snyder.org,2000-06-01,14,4,2,7,1,0,0,1
19810603,Michelle,Warren,gmartinez@keith.com,1981-06-03,8,0,0,0,8,1,0,0
~:]l]Bz\%-Iz9,Michelle,Warren,gmartinez@keith.com,1981-06-03,13,2,3,7,1,0,0,1
hutchinson,Christina,Hutchinson,santoswilliam@hotmail.com,1999-06-08,10,0,10,0,0,1,0,0
-;1+AKoOfr`X5<K,Christina,Hutchinson,santoswilliam@hotmail.com,1999-06-08,15,5,3,5,2,0,0,1
19890912,Brandi,Garcia,fharris@johnson.biz,1989-09-12,8,0,0,0,8,1,0,0
Ftl0>Gp>N-^4lQ>q,Brandi,Garcia,fharris@johnson.biz,1989-09-12,16,4,5,5,2,0,0,1
19891108,Lisa,Charles,lindsaymejia@gmail.com,1989-11-08,8,0,0,0,8,1,0,0
"QB-Tgb9~[|ij~S,:",Lisa,Charles,lindsaymejia@gmail.com,1989-11-08,16,4,4,7,1,0,0,1
